{
    "Envoie Block": {
        "start": 0.021123409271240234,
        "end": 0.021123409271240234
    },
    "Receptions Block": {
        "1": 0.021123409271240234,
        "2": 0.5360403060913086,
        "3": 0.5509250164031982,
        "4": 0.78871750831604
    },
    "Envoie Echo": {
        "1": {
            "start": 0.021123409271240234,
            "end": 0.021123409271240234
        },
        "2": {
            "start": 0.5360403060913086,
            "end": 0.5466299057006836
        },
        "3": {
            "start": 0.5509250164031982,
            "end": 0.5519418716430664
        },
        "4": {
            "start": 0.78871750831604,
            "end": 0.7934935092926025
        }
    },
    "Receptions Echo": {
        "block sender 1": {
            "1": 0.021123409271240234,
            "2": 1.0364024639129639,
            "3": 1.0472123622894287,
            "4": 1.2875511646270752
        },
        "block sender 2": {
            "1": 0.5360403060913086,
            "2": 0.5466299057006836,
            "3": 1.0703630447387695,
            "4": 1.318138837814331
        },
        "block sender 3": {
            "1": 0.5509250164031982,
            "2": 1.055553674697876,
            "3": 0.5466299057006836,
            "4": 1.318138837814331
        },
        "block sender 4": {
            "1": 0.78871750831604,
            "2": 1.2999944686889648,
            "3": 1.3146979808807373,
            "4": 0.7954931259155273
        }
    },
    "Envoie Ready": {
        "1": {
            "start": 1.0472123622894287,
            "end": 1.055553674697876
        },
        "2": {
            "start": 1.0703630447387695,
            "end": 1.073850393295288
        },
        "3": {
            "start": 1.055553674697876,
            "end": 1.0703630447387695
        },
        "4": {
            "start": 1.2999944686889648,
            "end": 1.3112213611602783
        }
    },
    "Receptions Ready": {
        "block sender 1": {
            "1": 1.0472123622894287,
            "2": 1.5585370063781738,
            "3": 1.5503225326538086,
            "4": 1.8096961975097656
        },
        "block sender 2": {
            "1": 1.0703630447387695,
            "2": 1.5818543434143066,
            "3": 1.561934471130371,
            "4": 1.8199317455291748
        },
        "block sender 3": {
            "1": 1.055553674697876,
            "2": 1.574460506439209,
            "3": 1.5779814720153809,
            "4": 1.8253581523895264
        },
        "block sender 4": {
            "1": 1.2999944686889648,
            "2": 1.8128058910369873,
            "3": 1.8056108951568604,
            "4": 2.072803020477295
        }
    },
    "Envoie Elect": {
        "start": 1.5818543434143066,
        "end": 1.5869848728179932
    },
    "Receptions Elect": {
        "1": 1.5818543434143066,
        "2": 2.08862566947937,
        "3": 2.0907084941864014,
        "4": null
    },
    "Envoie Leader": {
        "start": 2.0907084941864014,
        "end": 2.0986969470977783
    },
    "Receptions Leader": {
        "1": 2.0907084941864014,
        "2": null,
        "3": null,
        "4": null
    },
    "Commit": "Block du node : 4"
}