{
    "Envoie Block": {
        "start": 0.029160022735595703,
        "end": 0.03270983695983887
    },
    "Receptions Block": {
        "1": 0.5304973125457764,
        "2": 0.5566694736480713,
        "3": 0.5509250164031982,
        "4": 0.029160022735595703
    },
    "Envoie Echo": {
        "1": {
            "start": 0.5304973125457764,
            "end": 0.5466299057006836
        },
        "2": {
            "start": 0.5566694736480713,
            "end": 0.5566694736480713
        },
        "3": {
            "start": 0.5509250164031982,
            "end": 0.5519418716430664
        },
        "4": {
            "start": 0.029160022735595703,
            "end": 0.03270983695983887
        }
    },
    "Receptions Echo": {
        "block sender 1": {
            "1": 0.5466299057006836,
            "2": 1.049452543258667,
            "3": 1.055553674697876,
            "4": 0.5304973125457764
        },
        "block sender 2": {
            "1": 1.0635952949523926,
            "2": 0.549560546875,
            "3": 1.0703630447387695,
            "4": 0.5566694736480713
        },
        "block sender 3": {
            "1": 1.073850393295288,
            "2": 1.0715768337249756,
            "3": 0.5561561584472656,
            "4": 0.5509250164031982
        },
        "block sender 4": {
            "1": 1.3146979808807373,
            "2": 1.318138837814331,
            "3": 1.3066284656524658,
            "4": 0.029160022735595703
        }
    },
    "Envoie Ready": {
        "1": {
            "start": 1.049452543258667,
            "end": 1.055553674697876
        },
        "2": {
            "start": 1.0635952949523926,
            "end": 1.0703630447387695
        },
        "3": {
            "start": 1.0715768337249756,
            "end": 1.073850393295288
        },
        "4": {
            "start": 1.3146979808807373,
            "end": 1.318138837814331
        }
    },
    "Receptions Ready": {
        "block sender 1": {
            "1": 1.561934471130371,
            "2": 1.5650384426116943,
            "3": 1.5513529777526855,
            "4": 1.049452543258667
        },
        "block sender 2": {
            "1": 1.5869848728179932,
            "2": 1.5869848728179932,
            "3": 1.5650384426116943,
            "4": 1.0635952949523926
        },
        "block sender 3": {
            "1": 1.5779814720153809,
            "2": 1.585517406463623,
            "3": 1.5818543434143066,
            "4": 1.0715768337249756
        },
        "block sender 4": {
            "1": 1.818903923034668,
            "2": 1.8199317455291748,
            "3": 1.818903923034668,
            "4": 1.3146979808807373
        }
    },
    "Envoie Elect": {
        "start": 1.5869848728179932,
        "end": 1.5869848728179932
    },
    "Receptions Elect": {
        "1": 2.0986969470977783,
        "2": 2.0949056148529053,
        "3": 2.1002068519592285,
        "4": 1.5869848728179932
    },
    "Envoie Leader": {
        "start": 2.0986969470977783,
        "end": 2.1002068519592285
    },
    "Receptions Leader": {
        "1": null,
        "2": null,
        "3": null,
        "4": 2.0986969470977783
    },
    "Commit": "Block du node : 4"
}