{
    "Envoie Block": {
        "start": 0.021123409271240234,
        "end": 0.029160022735595703
    },
    "Receptions Block": {
        "1": 0.5360403060913086,
        "2": 0.549560546875,
        "3": 0.021123409271240234,
        "4": 0.78871750831604
    },
    "Envoie Echo": {
        "1": {
            "start": 0.5360403060913086,
            "end": 0.5466299057006836
        },
        "2": {
            "start": 0.549560546875,
            "end": 0.5519418716430664
        },
        "3": {
            "start": 0.029160022735595703,
            "end": 0.029160022735595703
        },
        "4": {
            "start": 0.78871750831604,
            "end": 0.7934935092926025
        }
    },
    "Receptions Echo": {
        "block sender 1": {
            "1": 0.5466299057006836,
            "2": 1.0435898303985596,
            "3": 0.5360403060913086,
            "4": 1.3128209114074707
        },
        "block sender 2": {
            "1": 1.049452543258667,
            "2": 0.5519418716430664,
            "3": 0.549560546875,
            "4": 1.318138837814331
        },
        "block sender 3": {
            "1": 1.0635952949523926,
            "2": 1.0635952949523926,
            "3": 0.029160022735595703,
            "4": 1.3146979808807373
        },
        "block sender 4": {
            "1": 1.3128209114074707,
            "2": 1.2999944686889648,
            "3": 0.78871750831604,
            "4": 0.7934935092926025
        }
    },
    "Envoie Ready": {
        "1": {
            "start": 1.0435898303985596,
            "end": 1.049452543258667
        },
        "2": {
            "start": 1.049452543258667,
            "end": 1.055553674697876
        },
        "3": {
            "start": 1.0635952949523926,
            "end": 1.0715768337249756
        },
        "4": {
            "start": 1.2999944686889648,
            "end": 1.3112213611602783
        }
    },
    "Receptions Ready": {
        "block sender 1": {
            "1": 1.561934471130371,
            "2": 1.561934471130371,
            "3": 1.0435898303985596,
            "4": 1.818903923034668
        },
        "block sender 2": {
            "1": 1.5818543434143066,
            "2": 1.585517406463623,
            "3": 1.049452543258667,
            "4": 1.8214902877807617
        },
        "block sender 3": {
            "1": 1.5729038715362549,
            "2": 1.5755157470703125,
            "3": 1.0635952949523926,
            "4": 1.8253581523895264
        },
        "block sender 4": {
            "1": 1.81534743309021,
            "2": 1.81534743309021,
            "3": 1.2999944686889648,
            "4": 2.0740554332733154
        }
    },
    "Envoie Elect": {
        "start": 1.585517406463623,
        "end": 1.5869848728179932
    },
    "Receptions Elect": {
        "1": 2.0949056148529053,
        "2": 2.08862566947937,
        "3": 1.585517406463623,
        "4": null
    },
    "Envoie Leader": {
        "start": 2.0949056148529053,
        "end": 2.1002068519592285
    },
    "Receptions Leader": {
        "1": null,
        "2": null,
        "3": 2.0949056148529053,
        "4": null
    },
    "Commit": "Block du node : 4"
}