{
    "Envoie Block": {
        "start": 0.021123409271240234,
        "end": 0.021123409271240234
    },
    "Receptions Block": {
        "1": 0.528418779373169,
        "2": 0.021123409271240234,
        "3": 0.5466299057006836,
        "4": 0.78871750831604
    },
    "Envoie Echo": {
        "1": {
            "start": 0.528418779373169,
            "end": 0.543889045715332
        },
        "2": {
            "start": 0.021123409271240234,
            "end": 0.021123409271240234
        },
        "3": {
            "start": 0.5466299057006836,
            "end": 0.5519418716430664
        },
        "4": {
            "start": 0.78871750831604,
            "end": 0.7934935092926025
        }
    },
    "Receptions Echo": {
        "block sender 1": {
            "1": 0.5466299057006836,
            "2": 0.528418779373169,
            "3": 1.049452543258667,
            "4": 1.3128209114074707
        },
        "block sender 2": {
            "1": 1.0415377616882324,
            "2": 0.021123409271240234,
            "3": 1.0715768337249756,
            "4": 1.318138837814331
        },
        "block sender 3": {
            "1": 1.0635952949523926,
            "2": 0.5466299057006836,
            "3": 0.5519418716430664,
            "4": 1.3146979808807373
        },
        "block sender 4": {
            "1": 1.3047854900360107,
            "2": 0.78871750831604,
            "3": 1.3128209114074707,
            "4": 0.7934935092926025
        }
    },
    "Envoie Ready": {
        "1": {
            "start": 1.049452543258667,
            "end": 1.055553674697876
        },
        "2": {
            "start": 1.0715768337249756,
            "end": 1.073850393295288
        },
        "3": {
            "start": 1.0635952949523926,
            "end": 1.0715768337249756
        },
        "4": {
            "start": 1.3047854900360107,
            "end": 1.3112213611602783
        }
    },
    "Receptions Ready": {
        "block sender 1": {
            "1": 1.5538177490234375,
            "2": 1.049452543258667,
            "3": 1.5492844581604004,
            "4": 1.81534743309021
        },
        "block sender 2": {
            "1": 1.5869848728179932,
            "2": 1.0715768337249756,
            "3": 1.5585370063781738,
            "4": 1.8199317455291748
        },
        "block sender 3": {
            "1": 1.570302963256836,
            "2": 1.0635952949523926,
            "3": 1.5779814720153809,
            "4": 1.8253581523895264
        },
        "block sender 4": {
            "1": 1.8102271556854248,
            "2": 1.3047854900360107,
            "3": 1.8128058910369873,
            "4": 2.0740554332733154
        }
    },
    "Envoie Elect": {
        "start": 1.5779814720153809,
        "end": 1.5869848728179932
    },
    "Receptions Elect": {
        "1": 2.0949056148529053,
        "2": 1.5779814720153809,
        "3": 2.0976645946502686,
        "4": null
    },
    "Envoie Leader": {
        "start": 2.0976645946502686,
        "end": 2.1002068519592285
    },
    "Receptions Leader": {
        "1": null,
        "2": 2.0976645946502686,
        "3": null,
        "4": null
    },
    "Commit": "Block du node : 4"
}