{
    "Envoie Block": {
        "start": 0.024805545806884766,
        "end": 0.024805545806884766
    },
    "Receptions Block": {
        "1": 0.5298800468444824,
        "2": 0.024805545806884766,
        "3": 0.5363876819610596,
        "4": 1.0404016971588135
    },
    "Envoie Echo": {
        "1": {
            "start": 0.5298800468444824,
            "end": 0.5298800468444824
        },
        "2": {
            "start": 0.024805545806884766,
            "end": 0.024805545806884766
        },
        "3": {
            "start": 0.5363876819610596,
            "end": 0.5363876819610596
        },
        "4": {
            "start": 1.0404016971588135,
            "end": 1.0569219589233398
        }
    },
    "Receptions Echo": {
        "block sender 1": {
            "1": 0.5298800468444824,
            "2": 0.5298800468444824,
            "3": 1.071345329284668,
            "4": 1.5431010723114014
        },
        "block sender 2": {
            "1": 1.059887170791626,
            "2": 0.024805545806884766,
            "3": 1.071345329284668,
            "4": 1.548633098602295
        },
        "block sender 3": {
            "1": 1.059887170791626,
            "2": 0.5363876819610596,
            "3": 0.5363876819610596,
            "4": 1.5506432056427002
        },
        "block sender 4": {
            "1": 1.5569112300872803,
            "2": 1.0404016971588135,
            "3": 1.5664234161376953,
            "4": 1.05800461769104
        }
    },
    "Envoie Ready": {
        "1": {
            "start": 1.071345329284668,
            "end": 1.071345329284668
        },
        "2": {
            "start": 1.071345329284668,
            "end": 1.071345329284668
        },
        "3": {
            "start": 1.059887170791626,
            "end": 1.059887170791626
        },
        "4": {
            "start": 1.5569112300872803,
            "end": 1.5658957958221436
        }
    },
    "Receptions Ready": {
        "block sender 1": {
            "1": 1.5692105293273926,
            "2": 1.071345329284668,
            "3": 1.5753977298736572,
            "4": 2.083496570587158
        },
        "block sender 2": {
            "1": 1.5802810192108154,
            "2": 1.071345329284668,
            "3": 1.5753977298736572,
            "4": 2.075892686843872
        },
        "block sender 3": {
            "1": 1.5753977298736572,
            "2": 1.059887170791626,
            "3": 1.5802810192108154,
            "4": 2.0845110416412354
        },
        "block sender 4": {
            "1": 2.066547155380249,
            "2": 1.5569112300872803,
            "3": 2.071932554244995,
            "4": null
        }
    },
    "Envoie Elect": {
        "start": 1.5802810192108154,
        "end": 1.5802810192108154
    },
    "Receptions Elect": {
        "1": 2.087566614151001,
        "2": 1.5802810192108154,
        "3": 2.087566614151001,
        "4": null
    },
    "Envoie Leader": {
        "start": 2.087566614151001,
        "end": 2.087566614151001
    },
    "Receptions Leader": {
        "1": null,
        "2": 2.087566614151001,
        "3": null,
        "4": null
    },
    "Commit": "Block du node : 4"
}