{
    "Envoie Block": {
        "start": 0.01909637451171875,
        "end": 0.024805545806884766
    },
    "Receptions Block": {
        "1": 0.01909637451171875,
        "2": 0.5298800468444824,
        "3": 0.5363876819610596,
        "4": 1.0438547134399414
    },
    "Envoie Echo": {
        "1": {
            "start": 0.01909637451171875,
            "end": 0.024805545806884766
        },
        "2": {
            "start": 0.5298800468444824,
            "end": 0.5363876819610596
        },
        "3": {
            "start": 0.5363876819610596,
            "end": 0.5363876819610596
        },
        "4": {
            "start": 1.0438547134399414,
            "end": 1.0509464740753174
        }
    },
    "Receptions Echo": {
        "block sender 1": {
            "1": 0.01909637451171875,
            "2": 1.05800461769104,
            "3": 1.059887170791626,
            "4": 1.5420536994934082
        },
        "block sender 2": {
            "1": 0.5298800468444824,
            "2": 0.5363876819610596,
            "3": 1.059887170791626,
            "4": 1.5506432056427002
        },
        "block sender 3": {
            "1": 0.5363876819610596,
            "2": 1.071345329284668,
            "3": 0.5392932891845703,
            "4": 1.5511701107025146
        },
        "block sender 4": {
            "1": 1.0438547134399414,
            "2": 1.5569112300872803,
            "3": 1.5658957958221436,
            "4": 1.059887170791626
        }
    },
    "Envoie Ready": {
        "1": {
            "start": 1.059887170791626,
            "end": 1.059887170791626
        },
        "2": {
            "start": 1.059887170791626,
            "end": 1.071345329284668
        },
        "3": {
            "start": 1.071345329284668,
            "end": 1.071345329284668
        },
        "4": {
            "start": 1.5569112300872803,
            "end": 1.5643861293792725
        }
    },
    "Receptions Ready": {
        "block sender 1": {
            "1": 1.059887170791626,
            "2": 1.5802810192108154,
            "3": 1.5707612037658691,
            "4": 2.0819528102874756
        },
        "block sender 2": {
            "1": 1.059887170791626,
            "2": 1.5753977298736572,
            "3": 1.5802810192108154,
            "4": 2.075892686843872
        },
        "block sender 3": {
            "1": 1.071345329284668,
            "2": 1.5728085041046143,
            "3": 1.5802810192108154,
            "4": 2.083496570587158
        },
        "block sender 4": {
            "1": 1.5569112300872803,
            "2": 2.0688629150390625,
            "3": 2.071932554244995,
            "4": null
        }
    },
    "Envoie Elect": {
        "start": 1.5802810192108154,
        "end": 1.5802810192108154
    },
    "Receptions Elect": {
        "1": 1.5802810192108154,
        "2": 2.0860724449157715,
        "3": 2.087566614151001,
        "4": null
    },
    "Envoie Leader": {
        "start": 2.087566614151001,
        "end": 2.087566614151001
    },
    "Receptions Leader": {
        "1": 2.087566614151001,
        "2": null,
        "3": null,
        "4": null
    },
    "Commit": "Block du node : 4"
}