{
    "Envoie Block1": {
        "start": 0.012462854385375977,
        "end": 0.01605391502380371
    },
    "Receptions Block1": {
        "1": 0.5205988883972168,
        "2": 0.012462854385375977,
        "3": 0.5388448238372803,
        "4": 1.123718500137329
    },
    "Envoie Vote1": {
        "1": {
            "start": 0.5205988883972168,
            "end": 0.5388448238372803
        },
        "2": {
            "start": 0.012462854385375977,
            "end": 0.01605391502380371
        },
        "3": {
            "start": 0.5388448238372803,
            "end": 0.5437984466552734
        },
        "4": {
            "start": 1.1263155937194824,
            "end": 1.1291241645812988
        }
    },
    "Receptions Vote1": {
        "block sender 1": {
            "1": 0.5478591918945312,
            "2": 0.5205988883972168,
            "3": 1.0400269031524658,
            "4": 1.6588726043701172
        },
        "block sender 2": {
            "1": 1.0539538860321045,
            "2": 0.012462854385375977,
            "3": 1.0565969944000244,
            "4": 1.6588726043701172
        },
        "block sender 3": {
            "1": 1.0456109046936035,
            "2": 0.5388448238372803,
            "3": 0.5478591918945312,
            "4": 1.6536622047424316
        },
        "block sender 4": {
            "1": 1.632678747177124,
            "2": 1.1263155937194824,
            "3": 1.6390354633331299,
            "4": 1.123718500137329
        }
    },
    "Envoie Block2": {
        "start": 1.0565969944000244,
        "end": 1.057607650756836
    },
    "Receptions Block2": {
        "1": 1.545896291732788,
        "2": 1.0565969944000244,
        "3": 1.5668904781341553,
        "4": 2.744239091873169
    },
    "Envoie Vote2": {
        "1": {
            "start": 1.545896291732788,
            "end": 1.5503909587860107
        },
        "2": {
            "start": 1.057607650756836,
            "end": 1.057607650756836
        },
        "3": {
            "start": 1.5668904781341553,
            "end": 1.5668904781341553
        },
        "4": {
            "start": null,
            "end": null
        }
    },
    "Receptions Vote2": {
        "qc sender 1": {
            "1": 1.5529232025146484,
            "2": 1.545896291732788,
            "3": 2.054676055908203,
            "4": 2.6591246128082275
        },
        "qc sender 2": {
            "1": 2.0872719287872314,
            "2": 1.057607650756836,
            "3": 2.081977367401123,
            "4": 2.673990249633789
        },
        "qc sender 3": {
            "1": 2.081977367401123,
            "2": 1.5668904781341553,
            "3": 1.5668904781341553,
            "4": 2.673990249633789
        },
        "qc sender 4": {
            "1": null,
            "2": null,
            "3": null,
            "4": 2.7473855018615723
        }
    },
    "Envoie Elect": {
        "start": 2.081977367401123,
        "end": 2.0872719287872314
    },
    "Receptions Elect": {
        "1": 2.5892772674560547,
        "2": 2.081977367401123,
        "3": 2.596424102783203,
        "4": 3.1911516189575195
    },
    "Envoie Leader": {
        "start": 2.596424102783203,
        "end": 2.5993006229400635
    },
    "Receptions Leader": {
        "1": 3.1015708446502686,
        "2": 2.596424102783203,
        "3": 3.107177972793579,
        "4": 3.7064192295074463
    },
    "Commit": "Pas de block commit"
}