{
    "Envoie Block1": {
        "start": 0.017503976821899414,
        "end": 0.017503976821899414
    },
    "Receptions Block1": {
        "1": 0.5505685806274414,
        "2": 0.5478591918945312,
        "3": 0.5478591918945312,
        "4": 0.017503976821899414
    },
    "Envoie Vote1": {
        "1": {
            "start": 0.5505685806274414,
            "end": 0.5505685806274414
        },
        "2": {
            "start": 0.5478591918945312,
            "end": 0.5505685806274414
        },
        "3": {
            "start": 0.5478591918945312,
            "end": 0.5478591918945312
        },
        "4": {
            "start": 0.017503976821899414,
            "end": 0.017503976821899414
        }
    },
    "Receptions Vote1": {
        "block sender 1": {
            "1": 0.5478591918945312,
            "2": 1.0461370944976807,
            "3": 1.0415587425231934,
            "4": 0.5505685806274414
        },
        "block sender 2": {
            "1": 1.057607650756836,
            "2": 0.5505685806274414,
            "3": 1.057607650756836,
            "4": 0.5478591918945312
        },
        "block sender 3": {
            "1": 1.0527749061584473,
            "2": 1.0539538860321045,
            "3": 0.5437984466552734,
            "4": 0.5478591918945312
        },
        "block sender 4": {
            "1": 1.632678747177124,
            "2": 1.6430633068084717,
            "3": 1.632678747177124,
            "4": 0.017503976821899414
        }
    },
    "Envoie Block2": {
        "start": 1.632678747177124,
        "end": 1.6390354633331299
    },
    "Receptions Block2": {
        "1": 1.5509016513824463,
        "2": 1.5668904781341553,
        "3": 1.5706634521484375,
        "4": 1.632678747177124
    },
    "Envoie Vote2": {
        "1": {
            "start": 1.5509016513824463,
            "end": 1.5553419589996338
        },
        "2": {
            "start": 1.5668904781341553,
            "end": 1.5706634521484375
        },
        "3": {
            "start": 1.5706634521484375,
            "end": 1.5706634521484375
        },
        "4": {
            "start": 1.6390354633331299,
            "end": 1.6390354633331299
        }
    },
    "Receptions Vote2": {
        "qc sender 1": {
            "1": 1.5553419589996338,
            "2": 2.054676055908203,
            "3": 2.0587522983551025,
            "4": 1.5509016513824463
        },
        "qc sender 2": {
            "1": 2.0772149562835693,
            "2": 1.5706634521484375,
            "3": 2.081977367401123,
            "4": 1.5668904781341553
        },
        "qc sender 3": {
            "1": 2.0850961208343506,
            "2": 2.0872719287872314,
            "3": 1.5706634521484375,
            "4": 1.5706634521484375
        },
        "qc sender 4": {
            "1": null,
            "2": null,
            "3": null,
            "4": 1.6390354633331299
        }
    },
    "Envoie Elect": {
        "start": 2.0850961208343506,
        "end": 2.0872719287872314
    },
    "Receptions Elect": {
        "1": 2.594160556793213,
        "2": 2.596424102783203,
        "3": 2.6018412113189697,
        "4": 2.0850961208343506
    },
    "Envoie Leader": {
        "start": 2.596424102783203,
        "end": 2.6018412113189697
    },
    "Receptions Leader": {
        "1": 3.1111342906951904,
        "2": 3.108851194381714,
        "3": 3.107177972793579,
        "4": 2.596424102783203
    },
    "Commit": "Pas de block commit"
}