{
    "Envoie Block1": {
        "start": 0.012462854385375977,
        "end": 0.012462854385375977
    },
    "Receptions Block1": {
        "1": 0.012462854385375977,
        "2": 0.5426990985870361,
        "3": 0.5293920040130615,
        "4": 1.1268250942230225
    },
    "Envoie Vote1": {
        "1": {
            "start": 0.012462854385375977,
            "end": 0.012462854385375977
        },
        "2": {
            "start": 0.5426990985870361,
            "end": 0.5478591918945312
        },
        "3": {
            "start": 0.5293920040130615,
            "end": 0.5388448238372803
        },
        "4": {
            "start": 1.1268250942230225,
            "end": 1.130666971206665
        }
    },
    "Receptions Vote1": {
        "block sender 1": {
            "1": 0.012462854385375977,
            "2": 1.0364468097686768,
            "3": 1.0389933586120605,
            "4": 1.6588726043701172
        },
        "block sender 2": {
            "1": 0.5426990985870361,
            "2": 0.5388448238372803,
            "3": 1.0565969944000244,
            "4": 1.6588726043701172
        },
        "block sender 3": {
            "1": 0.5293920040130615,
            "2": 1.0527749061584473,
            "3": 0.5426990985870361,
            "4": 1.6536622047424316
        },
        "block sender 4": {
            "1": 1.1268250942230225,
            "2": 1.632678747177124,
            "3": 1.632678747177124,
            "4": 1.130666971206665
        }
    },
    "Envoie Block2": {
        "start": 1.0389933586120605,
        "end": 1.0471570491790771
    },
    "Receptions Block2": {
        "1": 1.0389933586120605,
        "2": 1.5668904781341553,
        "3": 1.5668904781341553,
        "4": 2.744239091873169
    },
    "Envoie Vote2": {
        "1": {
            "start": 1.0471570491790771,
            "end": 1.0527749061584473
        },
        "2": {
            "start": 1.5668904781341553,
            "end": 1.5706634521484375
        },
        "3": {
            "start": 1.5668904781341553,
            "end": 1.5668904781341553
        },
        "4": {
            "start": null,
            "end": null
        }
    },
    "Receptions Vote2": {
        "qc sender 1": {
            "1": 1.0471570491790771,
            "2": 2.0531182289123535,
            "3": 2.054676055908203,
            "4": 2.6557042598724365
        },
        "qc sender 2": {
            "1": 1.5668904781341553,
            "2": 1.5706634521484375,
            "3": 2.0772149562835693,
            "4": 2.672330856323242
        },
        "qc sender 3": {
            "1": 1.5668904781341553,
            "2": 2.0772149562835693,
            "3": 1.5706634521484375,
            "4": 2.673990249633789
        },
        "qc sender 4": {
            "1": null,
            "2": null,
            "3": null,
            "4": 2.7473855018615723
        }
    },
    "Envoie Elect": {
        "start": 2.0772149562835693,
        "end": 2.0872719287872314
    },
    "Receptions Elect": {
        "1": 2.0772149562835693,
        "2": 2.5903260707855225,
        "3": 2.596424102783203,
        "4": 3.1911516189575195
    },
    "Envoie Leader": {
        "start": 2.596424102783203,
        "end": 2.5993006229400635
    },
    "Receptions Leader": {
        "1": 2.596424102783203,
        "2": 3.1015708446502686,
        "3": 3.1015708446502686,
        "4": 3.702366352081299
    },
    "Commit": "Pas de block commit"
}