{
    "Envoie Block1": {
        "start": 0.01605391502380371,
        "end": 0.017503976821899414
    },
    "Receptions Block1": {
        "1": 0.5205988883972168,
        "2": 0.5437984466552734,
        "3": 0.01605391502380371,
        "4": 1.123718500137329
    },
    "Envoie Vote1": {
        "1": {
            "start": 0.5205988883972168,
            "end": 0.5388448238372803
        },
        "2": {
            "start": 0.5437984466552734,
            "end": 0.5478591918945312
        },
        "3": {
            "start": 0.01605391502380371,
            "end": 0.017503976821899414
        },
        "4": {
            "start": 1.123718500137329,
            "end": 1.1291241645812988
        }
    },
    "Receptions Vote1": {
        "block sender 1": {
            "1": 0.5205988883972168,
            "2": 1.0400269031524658,
            "3": 0.5205988883972168,
            "4": 1.6588726043701172
        },
        "block sender 2": {
            "1": 1.057607650756836,
            "2": 0.5388448238372803,
            "3": 0.5437984466552734,
            "4": 1.6588726043701172
        },
        "block sender 3": {
            "1": 1.0445854663848877,
            "2": 1.0539538860321045,
            "3": 0.01605391502380371,
            "4": 1.6588726043701172
        },
        "block sender 4": {
            "1": 1.632678747177124,
            "2": 1.6390354633331299,
            "3": 1.123718500137329,
            "4": 1.1291241645812988
        }
    },
    "Envoie Block2": {
        "start": 1.0539538860321045,
        "end": 1.057607650756836
    },
    "Receptions Block2": {
        "1": 1.5474326610565186,
        "2": 1.563488483428955,
        "3": 1.0539538860321045,
        "4": 2.7473855018615723
    },
    "Envoie Vote2": {
        "1": {
            "start": 1.5474326610565186,
            "end": 1.5529232025146484
        },
        "2": {
            "start": 1.563488483428955,
            "end": 1.5706634521484375
        },
        "3": {
            "start": 1.057607650756836,
            "end": 1.057607650756836
        },
        "4": {
            "start": null,
            "end": null
        }
    },
    "Receptions Vote2": {
        "qc sender 1": {
            "1": 1.5553419589996338,
            "2": 2.054676055908203,
            "3": 1.5474326610565186,
            "4": 2.6557042598724365
        },
        "qc sender 2": {
            "1": 2.0850961208343506,
            "2": 1.5706634521484375,
            "3": 1.563488483428955,
            "4": 2.673990249633789
        },
        "qc sender 3": {
            "1": 2.0731699466705322,
            "2": 2.0731699466705322,
            "3": 1.057607650756836,
            "4": 2.673990249633789
        },
        "qc sender 4": {
            "1": null,
            "2": null,
            "3": null,
            "4": 2.7487313747406006
        }
    },
    "Envoie Elect": {
        "start": 2.0850961208343506,
        "end": 2.0872719287872314
    },
    "Receptions Elect": {
        "1": 2.594160556793213,
        "2": 2.594160556793213,
        "3": 2.0850961208343506,
        "4": 3.1932742595672607
    },
    "Envoie Leader": {
        "start": 2.594160556793213,
        "end": 2.5993006229400635
    },
    "Receptions Leader": {
        "1": 3.1015708446502686,
        "2": 3.108851194381714,
        "3": 2.594160556793213,
        "4": 3.702366352081299
    },
    "Commit": "Pas de block commit"
}