{
    "Envoie Block": {
        "start": 0.0025103092193603516,
        "end": 0.0025103092193603516
    },
    "Receptions Block": {
        "1": 0.5374975204467773,
        "2": 0.5258047580718994,
        "3": 0.5414760112762451,
        "4": 0.0025103092193603516
    },
    "Envoie Echo": {
        "1": {
            "start": 0.5374975204467773,
            "end": 0.5414760112762451
        },
        "2": {
            "start": 0.5258047580718994,
            "end": 0.5258047580718994
        },
        "3": {
            "start": 0.5414760112762451,
            "end": 0.5431561470031738
        },
        "4": {
            "start": 0.0025103092193603516,
            "end": 0.0025103092193603516
        }
    },
    "Receptions Echo": {
        "block sender 1": {
            "1": 0.5258047580718994,
            "2": 1.0565288066864014,
            "3": 1.045516014099121,
            "4": 0.5374975204467773
        },
        "block sender 2": {
            "1": 1.0565288066864014,
            "2": 0.5414760112762451,
            "3": 1.0615262985229492,
            "4": 0.5258047580718994
        },
        "block sender 3": {
            "1": 1.0565288066864014,
            "2": 1.0615262985229492,
            "3": 0.5414760112762451,
            "4": 0.5414760112762451
        },
        "block sender 4": {
            "1": 1.5840227603912354,
            "2": 1.5516955852508545,
            "3": 1.5640478134155273,
            "4": 0.0025103092193603516
        }
    },
    "Envoie Ready": {
        "1": {
            "start": 1.045516014099121,
            "end": 1.0565288066864014
        },
        "2": {
            "start": 1.0565288066864014,
            "end": 1.0615262985229492
        },
        "3": {
            "start": 1.0565288066864014,
            "end": 1.0565288066864014
        },
        "4": {
            "start": 1.5640478134155273,
            "end": 1.5840227603912354
        }
    },
    "Receptions Ready": {
        "block sender 1": {
            "1": 1.5912625789642334,
            "2": 1.5840227603912354,
            "3": 1.5840227603912354,
            "4": 1.045516014099121
        },
        "block sender 2": {
            "1": 1.5912625789642334,
            "2": 1.5912625789642334,
            "3": 1.5912625789642334,
            "4": 1.0565288066864014
        },
        "block sender 3": {
            "1": 1.5912625789642334,
            "2": 1.5912625789642334,
            "3": 1.5912625789642334,
            "4": 1.0565288066864014
        },
        "block sender 4": {
            "1": 2.0493810176849365,
            "2": 2.086926221847534,
            "3": 2.0542397499084473,
            "4": 1.5640478134155273
        }
    },
    "Envoie Elect": {
        "start": 1.5912625789642334,
        "end": 1.5912625789642334
    },
    "Receptions Elect": {
        "1": 2.1091575622558594,
        "2": 2.106175184249878,
        "3": 2.11173939704895,
        "4": 1.5912625789642334
    },
    "Envoie Leader": {
        "start": 2.1091575622558594,
        "end": 2.11173939704895
    },
    "Receptions Leader": {
        "1": null,
        "2": null,
        "3": null,
        "4": 2.1091575622558594
    },
    "Commit": "Block du node : 4"
}