{
    "Envoie Block": {
        "start": 0.0025103092193603516,
        "end": 0.0025103092193603516
    },
    "Receptions Block": {
        "1": 0.5258047580718994,
        "2": 0.5258047580718994,
        "3": 0.0025103092193603516,
        "4": 1.0412414073944092
    },
    "Envoie Echo": {
        "1": {
            "start": 0.5258047580718994,
            "end": 0.5258047580718994
        },
        "2": {
            "start": 0.5258047580718994,
            "end": 0.5414760112762451
        },
        "3": {
            "start": 0.0025103092193603516,
            "end": 0.0025103092193603516
        },
        "4": {
            "start": 1.0412414073944092,
            "end": 1.045516014099121
        }
    },
    "Receptions Echo": {
        "block sender 1": {
            "1": 0.5414760112762451,
            "2": 1.0565288066864014,
            "3": 0.5258047580718994,
            "4": 1.5912625789642334
        },
        "block sender 2": {
            "1": 1.0615262985229492,
            "2": 0.5414760112762451,
            "3": 0.5258047580718994,
            "4": 1.5629897117614746
        },
        "block sender 3": {
            "1": 1.0565288066864014,
            "2": 1.0565288066864014,
            "3": 0.0025103092193603516,
            "4": 1.5912625789642334
        },
        "block sender 4": {
            "1": 1.5825800895690918,
            "2": 1.5447115898132324,
            "3": 1.0412414073944092,
            "4": 1.0565288066864014
        }
    },
    "Envoie Ready": {
        "1": {
            "start": 1.0565288066864014,
            "end": 1.0565288066864014
        },
        "2": {
            "start": 1.0615262985229492,
            "end": 1.0615262985229492
        },
        "3": {
            "start": 1.0565288066864014,
            "end": 1.0615262985229492
        },
        "4": {
            "start": 1.5447115898132324,
            "end": 1.5481925010681152
        }
    },
    "Receptions Ready": {
        "block sender 1": {
            "1": 1.5840227603912354,
            "2": 1.5912625789642334,
            "3": 1.0565288066864014,
            "4": 2.0776166915893555
        },
        "block sender 2": {
            "1": 1.5840227603912354,
            "2": 1.5840227603912354,
            "3": 1.0615262985229492,
            "4": 2.086926221847534
        },
        "block sender 3": {
            "1": 1.598351001739502,
            "2": 1.5912625789642334,
            "3": 1.0565288066864014,
            "4": 2.0817437171936035
        },
        "block sender 4": {
            "1": 2.0493810176849365,
            "2": 2.0817437171936035,
            "3": 1.5447115898132324,
            "4": null
        }
    },
    "Envoie Elect": {
        "start": 1.5912625789642334,
        "end": 1.598351001739502
    },
    "Receptions Elect": {
        "1": 2.100881814956665,
        "2": 2.107205390930176,
        "3": 1.5912625789642334,
        "4": null
    },
    "Envoie Leader": {
        "start": 2.107205390930176,
        "end": 2.11173939704895
    },
    "Receptions Leader": {
        "1": null,
        "2": null,
        "3": 2.107205390930176,
        "4": null
    },
    "Commit": "Block du node : 4"
}