{
    "Envoie Block": {
        "start": 0.0025103092193603516,
        "end": 0.0025103092193603516
    },
    "Receptions Block": {
        "1": 0.0025103092193603516,
        "2": 0.5374975204467773,
        "3": 0.5258047580718994,
        "4": 1.0412414073944092
    },
    "Envoie Echo": {
        "1": {
            "start": 0.0025103092193603516,
            "end": 0.0025103092193603516
        },
        "2": {
            "start": 0.5374975204467773,
            "end": 0.5414760112762451
        },
        "3": {
            "start": 0.5258047580718994,
            "end": 0.5258047580718994
        },
        "4": {
            "start": 1.0412414073944092,
            "end": 1.0565288066864014
        }
    },
    "Receptions Echo": {
        "block sender 1": {
            "1": 0.0025103092193603516,
            "2": 1.0391838550567627,
            "3": 1.0565288066864014,
            "4": 1.57720947265625
        },
        "block sender 2": {
            "1": 0.5374975204467773,
            "2": 0.5148262977600098,
            "3": 1.0565288066864014,
            "4": 1.554269552230835
        },
        "block sender 3": {
            "1": 0.5258047580718994,
            "2": 1.0615262985229492,
            "3": 0.5218076705932617,
            "4": 1.5912625789642334
        },
        "block sender 4": {
            "1": 1.0412414073944092,
            "2": 1.5406365394592285,
            "3": 1.5506858825683594,
            "4": 1.0565288066864014
        }
    },
    "Envoie Ready": {
        "1": {
            "start": 1.0565288066864014,
            "end": 1.0565288066864014
        },
        "2": {
            "start": 1.0565288066864014,
            "end": 1.0615262985229492
        },
        "3": {
            "start": 1.0615262985229492,
            "end": 1.0615262985229492
        },
        "4": {
            "start": 1.5406365394592285,
            "end": 1.5447115898132324
        }
    },
    "Receptions Ready": {
        "block sender 1": {
            "1": 1.0565288066864014,
            "2": 1.5840227603912354,
            "3": 1.5753631591796875,
            "4": 2.075061559677124
        },
        "block sender 2": {
            "1": 1.0565288066864014,
            "2": 1.5840227603912354,
            "3": 1.5912625789642334,
            "4": 2.086926221847534
        },
        "block sender 3": {
            "1": 1.0615262985229492,
            "2": 1.560354232788086,
            "3": 1.5912625789642334,
            "4": 2.0817437171936035
        },
        "block sender 4": {
            "1": 1.5406365394592285,
            "2": 2.066974401473999,
            "3": 2.0519843101501465,
            "4": null
        }
    },
    "Envoie Elect": {
        "start": 1.5912625789642334,
        "end": 1.5912625789642334
    },
    "Receptions Elect": {
        "1": 1.5912625789642334,
        "2": 2.100881814956665,
        "3": 2.1048998832702637,
        "4": null
    },
    "Envoie Leader": {
        "start": 2.1048998832702637,
        "end": 2.1102523803710938
    },
    "Receptions Leader": {
        "1": 2.1048998832702637,
        "2": null,
        "3": null,
        "4": null
    },
    "Commit": "Block du node : 4"
}