{
    "Envoie Block": {
        "start": 0.0025103092193603516,
        "end": 0.0025103092193603516
    },
    "Receptions Block": {
        "1": 0.5218076705932617,
        "2": 0.0025103092193603516,
        "3": 0.5258047580718994,
        "4": 1.0335149765014648
    },
    "Envoie Echo": {
        "1": {
            "start": 0.5218076705932617,
            "end": 0.5258047580718994
        },
        "2": {
            "start": 0.0025103092193603516,
            "end": 0.0025103092193603516
        },
        "3": {
            "start": 0.5258047580718994,
            "end": 0.5414760112762451
        },
        "4": {
            "start": 1.0335149765014648,
            "end": 1.045516014099121
        }
    },
    "Receptions Echo": {
        "block sender 1": {
            "1": 0.5258047580718994,
            "2": 0.5218076705932617,
            "3": 1.0565288066864014,
            "4": 1.5840227603912354
        },
        "block sender 2": {
            "1": 1.0615262985229492,
            "2": 0.0025103092193603516,
            "3": 1.0565288066864014,
            "4": 1.5825800895690918
        },
        "block sender 3": {
            "1": 1.045516014099121,
            "2": 0.5258047580718994,
            "3": 0.5258047580718994,
            "4": 1.5912625789642334
        },
        "block sender 4": {
            "1": 1.5825800895690918,
            "2": 1.0335149765014648,
            "3": 1.556795358657837,
            "4": 1.0565288066864014
        }
    },
    "Envoie Ready": {
        "1": {
            "start": 1.0565288066864014,
            "end": 1.0615262985229492
        },
        "2": {
            "start": 1.0615262985229492,
            "end": 1.0615262985229492
        },
        "3": {
            "start": 1.045516014099121,
            "end": 1.0565288066864014
        },
        "4": {
            "start": 1.557729959487915,
            "end": 1.57720947265625
        }
    },
    "Receptions Ready": {
        "block sender 1": {
            "1": 1.5912625789642334,
            "2": 1.0565288066864014,
            "3": 1.5912625789642334,
            "4": 2.0770909786224365
        },
        "block sender 2": {
            "1": 1.5912625789642334,
            "2": 1.0615262985229492,
            "3": 1.5840227603912354,
            "4": 2.086926221847534
        },
        "block sender 3": {
            "1": 1.5912625789642334,
            "2": 1.045516014099121,
            "3": 1.5840227603912354,
            "4": 2.0817437171936035
        },
        "block sender 4": {
            "1": 2.0493810176849365,
            "2": 1.557729959487915,
            "3": 2.0542397499084473,
            "4": null
        }
    },
    "Envoie Elect": {
        "start": 1.5912625789642334,
        "end": 1.5912625789642334
    },
    "Receptions Elect": {
        "1": 2.106175184249878,
        "2": 1.5912625789642334,
        "3": 2.106175184249878,
        "4": null
    },
    "Envoie Leader": {
        "start": 2.106175184249878,
        "end": 2.11173939704895
    },
    "Receptions Leader": {
        "1": null,
        "2": 2.106175184249878,
        "3": null,
        "4": null
    },
    "Commit": "Block du node : 4"
}