{
    "Envoie Block": {
        "start": 0.02694869041442871,
        "end": 0.028107166290283203
    },
    "Receptions Block": {
        "1": 0.5335369110107422,
        "2": 0.5401721000671387,
        "3": 0.5558390617370605,
        "4": 0.02694869041442871
    },
    "Envoie Echo": {
        "1": {
            "start": 0.5335369110107422,
            "end": 0.5401721000671387
        },
        "2": {
            "start": 0.5401721000671387,
            "end": 0.5558390617370605
        },
        "3": {
            "start": 0.5558390617370605,
            "end": 0.5558390617370605
        },
        "4": {
            "start": 0.028107166290283203,
            "end": 0.028107166290283203
        }
    },
    "Receptions Echo": {
        "block sender 1": {
            "1": 0.5401721000671387,
            "2": 1.0614449977874756,
            "3": 1.0774047374725342,
            "4": 0.5335369110107422
        },
        "block sender 2": {
            "1": 1.0774047374725342,
            "2": 0.5558390617370605,
            "3": 1.0774047374725342,
            "4": 0.5401721000671387
        },
        "block sender 3": {
            "1": 1.0774047374725342,
            "2": 1.0774047374725342,
            "3": 0.5601198673248291,
            "4": 0.5558390617370605
        },
        "block sender 4": {
            "1": 1.5842654705047607,
            "2": 1.5972795486450195,
            "3": 1.5972795486450195,
            "4": 0.028107166290283203
        }
    },
    "Envoie Ready": {
        "1": {
            "start": 1.0614449977874756,
            "end": 1.0763931274414062
        },
        "2": {
            "start": 1.0774047374725342,
            "end": 1.0774047374725342
        },
        "3": {
            "start": 1.0774047374725342,
            "end": 1.0774047374725342
        },
        "4": {
            "start": null,
            "end": null
        }
    },
    "Receptions Ready": {
        "block sender 1": {
            "1": 1.5548760890960693,
            "2": 1.5972795486450195,
            "3": 1.5802900791168213,
            "4": 1.0614449977874756
        },
        "block sender 2": {
            "1": 1.5972795486450195,
            "2": 1.5972795486450195,
            "3": 1.5972795486450195,
            "4": 1.0774047374725342
        },
        "block sender 3": {
            "1": 1.5972795486450195,
            "2": 1.5972795486450195,
            "3": 1.5972795486450195,
            "4": 1.0774047374725342
        },
        "block sender 4": {
            "1": 2.130518674850464,
            "2": 2.1010918617248535,
            "3": 2.1055448055267334,
            "4": null
        }
    },
    "Envoie Elect": {
        "start": 1.5972795486450195,
        "end": 1.5972795486450195
    },
    "Receptions Elect": {
        "1": 2.130518674850464,
        "2": 2.1178970336914062,
        "3": 2.12282657623291,
        "4": 1.5972795486450195
    },
    "Envoie Leader": {
        "start": 2.12282657623291,
        "end": 2.124772071838379
    },
    "Receptions Leader": {
        "1": null,
        "2": null,
        "3": null,
        "4": 2.12282657623291
    },
    "Commit": "Pas de block commit"
}