{
    "Envoie Block": {
        "start": 0.024723529815673828,
        "end": 0.02694869041442871
    },
    "Receptions Block": {
        "1": 0.5387542247772217,
        "2": 0.024723529815673828,
        "3": 0.5518136024475098,
        "4": 1.0774047374725342
    },
    "Envoie Echo": {
        "1": {
            "start": 0.5387542247772217,
            "end": 0.5401721000671387
        },
        "2": {
            "start": 0.024723529815673828,
            "end": 0.02694869041442871
        },
        "3": {
            "start": 0.5518136024475098,
            "end": 0.5558390617370605
        },
        "4": {
            "start": 1.0774047374725342,
            "end": 1.0774047374725342
        }
    },
    "Receptions Echo": {
        "block sender 1": {
            "1": 0.5518136024475098,
            "2": 0.5387542247772217,
            "3": 1.0614449977874756,
            "4": 1.5972795486450195
        },
        "block sender 2": {
            "1": 1.0599329471588135,
            "2": 0.024723529815673828,
            "3": 1.0774047374725342,
            "4": 1.5972795486450195
        },
        "block sender 3": {
            "1": 1.0774047374725342,
            "2": 0.5518136024475098,
            "3": 0.5518136024475098,
            "4": 1.5972795486450195
        },
        "block sender 4": {
            "1": 1.5782530307769775,
            "2": 1.0774047374725342,
            "3": 1.5972795486450195,
            "4": 1.0774047374725342
        }
    },
    "Envoie Ready": {
        "1": {
            "start": 1.0614449977874756,
            "end": 1.0774047374725342
        },
        "2": {
            "start": 1.0774047374725342,
            "end": 1.0774047374725342
        },
        "3": {
            "start": 1.0774047374725342,
            "end": 1.0774047374725342
        },
        "4": {
            "start": 1.5782530307769775,
            "end": 1.5972795486450195
        }
    },
    "Receptions Ready": {
        "block sender 1": {
            "1": 1.5509445667266846,
            "2": 1.0614449977874756,
            "3": 1.5744166374206543,
            "4": 2.1010918617248535
        },
        "block sender 2": {
            "1": 1.5972795486450195,
            "2": 1.0774047374725342,
            "3": 1.5972795486450195,
            "4": 2.1098721027374268
        },
        "block sender 3": {
            "1": 1.5972795486450195,
            "2": 1.0774047374725342,
            "3": 1.5972795486450195,
            "4": 2.1178970336914062
        },
        "block sender 4": {
            "1": 2.1098721027374268,
            "2": 1.5782530307769775,
            "3": 2.102977752685547,
            "4": null
        }
    },
    "Envoie Elect": {
        "start": 1.5972795486450195,
        "end": 1.5972795486450195
    },
    "Receptions Elect": {
        "1": 2.124772071838379,
        "2": 1.5972795486450195,
        "3": 2.12282657623291,
        "4": null
    },
    "Envoie Leader": {
        "start": 2.124772071838379,
        "end": 2.130518674850464
    },
    "Receptions Leader": {
        "1": null,
        "2": 2.124772071838379,
        "3": null,
        "4": null
    },
    "Commit": "Block du node : 4"
}