{
    "Envoie Block": {
        "start": 0.02694869041442871,
        "end": 0.02694869041442871
    },
    "Receptions Block": {
        "1": 0.5401721000671387,
        "2": 0.5518136024475098,
        "3": 0.02694869041442871,
        "4": 1.0774047374725342
    },
    "Envoie Echo": {
        "1": {
            "start": 0.5401721000671387,
            "end": 0.5401721000671387
        },
        "2": {
            "start": 0.5518136024475098,
            "end": 0.5558390617370605
        },
        "3": {
            "start": 0.02694869041442871,
            "end": 0.02694869041442871
        },
        "4": {
            "start": 1.0774047374725342,
            "end": 1.0774047374725342
        }
    },
    "Receptions Echo": {
        "block sender 1": {
            "1": 0.5518136024475098,
            "2": 1.0522942543029785,
            "3": 0.5401721000671387,
            "4": 1.5802900791168213
        },
        "block sender 2": {
            "1": 1.0729761123657227,
            "2": 0.5401721000671387,
            "3": 0.5518136024475098,
            "4": 1.5972795486450195
        },
        "block sender 3": {
            "1": 1.0774047374725342,
            "2": 1.0774047374725342,
            "3": 0.02694869041442871,
            "4": 1.5972795486450195
        },
        "block sender 4": {
            "1": 1.5813684463500977,
            "2": 1.5972795486450195,
            "3": 1.0774047374725342,
            "4": 1.0774047374725342
        }
    },
    "Envoie Ready": {
        "1": {
            "start": 1.0522942543029785,
            "end": 1.0729761123657227
        },
        "2": {
            "start": 1.0729761123657227,
            "end": 1.0774047374725342
        },
        "3": {
            "start": 1.0774047374725342,
            "end": 1.0774047374725342
        },
        "4": {
            "start": 1.5813684463500977,
            "end": 1.5972795486450195
        }
    },
    "Receptions Ready": {
        "block sender 1": {
            "1": 1.553748369216919,
            "2": 1.5972795486450195,
            "3": 1.0522942543029785,
            "4": 2.1050148010253906
        },
        "block sender 2": {
            "1": 1.5972795486450195,
            "2": 1.5972795486450195,
            "3": 1.0729761123657227,
            "4": 2.1098721027374268
        },
        "block sender 3": {
            "1": 1.5972795486450195,
            "2": 1.5972795486450195,
            "3": 1.0774047374725342,
            "4": 2.1178970336914062
        },
        "block sender 4": {
            "1": 2.124772071838379,
            "2": 2.095358371734619,
            "3": 1.5813684463500977,
            "4": null
        }
    },
    "Envoie Elect": {
        "start": 1.5972795486450195,
        "end": 1.5972795486450195
    },
    "Receptions Elect": {
        "1": 2.124772071838379,
        "2": 2.124772071838379,
        "3": 1.5972795486450195,
        "4": null
    },
    "Envoie Leader": {
        "start": 2.124772071838379,
        "end": 2.130518674850464
    },
    "Receptions Leader": {
        "1": null,
        "2": null,
        "3": 2.124772071838379,
        "4": null
    },
    "Commit": "Block du node : 4"
}