{
    "Envoie Block": {
        "start": 0.019345998764038086,
        "end": 0.024723529815673828
    },
    "Receptions Block": {
        "1": 0.019345998764038086,
        "2": 0.5401721000671387,
        "3": 0.5518136024475098,
        "4": 1.0614449977874756
    },
    "Envoie Echo": {
        "1": {
            "start": 0.023669719696044922,
            "end": 0.024723529815673828
        },
        "2": {
            "start": 0.5401721000671387,
            "end": 0.5518136024475098
        },
        "3": {
            "start": 0.5518136024475098,
            "end": 0.5558390617370605
        },
        "4": {
            "start": 1.0614449977874756,
            "end": 1.0729761123657227
        }
    },
    "Receptions Echo": {
        "block sender 1": {
            "1": 0.023669719696044922,
            "2": 1.0456223487854004,
            "3": 1.048090934753418,
            "4": 1.5683717727661133
        },
        "block sender 2": {
            "1": 0.5401721000671387,
            "2": 0.5558390617370605,
            "3": 1.0774047374725342,
            "4": 1.5842654705047607
        },
        "block sender 3": {
            "1": 0.5518136024475098,
            "2": 1.0774047374725342,
            "3": 0.5518136024475098,
            "4": 1.5972795486450195
        },
        "block sender 4": {
            "1": 1.0614449977874756,
            "2": 1.5972795486450195,
            "3": 1.5972795486450195,
            "4": 1.0763931274414062
        }
    },
    "Envoie Ready": {
        "1": {
            "start": 1.048090934753418,
            "end": 1.056159257888794
        },
        "2": {
            "start": 1.0774047374725342,
            "end": 1.0774047374725342
        },
        "3": {
            "start": 1.0774047374725342,
            "end": 1.0774047374725342
        },
        "4": {
            "start": 1.5972795486450195,
            "end": 1.5972795486450195
        }
    },
    "Receptions Ready": {
        "block sender 1": {
            "1": 1.048090934753418,
            "2": 1.5771679878234863,
            "3": 1.5713295936584473,
            "4": 2.0974254608154297
        },
        "block sender 2": {
            "1": 1.0774047374725342,
            "2": 1.5972795486450195,
            "3": 1.5972795486450195,
            "4": 2.1098721027374268
        },
        "block sender 3": {
            "1": 1.0774047374725342,
            "2": 1.5972795486450195,
            "3": 1.5972795486450195,
            "4": 2.1178970336914062
        },
        "block sender 4": {
            "1": 1.5972795486450195,
            "2": 2.0815205574035645,
            "3": 2.097952127456665,
            "4": null
        }
    },
    "Envoie Elect": {
        "start": 1.5972795486450195,
        "end": 1.6096115112304688
    },
    "Receptions Elect": {
        "1": 1.5972795486450195,
        "2": 2.1178970336914062,
        "3": 2.12282657623291,
        "4": null
    },
    "Envoie Leader": {
        "start": 2.12282657623291,
        "end": 2.124772071838379
    },
    "Receptions Leader": {
        "1": 2.12282657623291,
        "2": null,
        "3": null,
        "4": null
    },
    "Commit": "Block du node : 4"
}