{
    "Envoie Block": {
        "start": 0.026911258697509766,
        "end": 0.026911258697509766
    },
    "Receptions Block": {
        "1": 0.5321733951568604,
        "2": 0.5513408184051514,
        "3": 0.026911258697509766,
        "4": 1.0714359283447266
    },
    "Envoie Echo": {
        "1": {
            "start": 0.5321733951568604,
            "end": 0.5372319221496582
        },
        "2": {
            "start": 0.5513408184051514,
            "end": 0.5513408184051514
        },
        "3": {
            "start": 0.026911258697509766,
            "end": 0.026911258697509766
        },
        "4": {
            "start": 1.0714359283447266,
            "end": 1.078155279159546
        }
    },
    "Receptions Echo": {
        "block sender 1": {
            "1": 0.5480380058288574,
            "2": 1.0438148975372314,
            "3": 0.5321733951568604,
            "4": 1.5735113620758057
        },
        "block sender 2": {
            "1": 1.0564334392547607,
            "2": 0.5480380058288574,
            "3": 0.5513408184051514,
            "4": 1.59861159324646
        },
        "block sender 3": {
            "1": 1.0825598239898682,
            "2": 1.078155279159546,
            "3": 0.026911258697509766,
            "4": 1.602707862854004
        },
        "block sender 4": {
            "1": 1.602707862854004,
            "2": 1.5816121101379395,
            "3": 1.0714359283447266,
            "4": 1.084127426147461
        }
    },
    "Envoie Ready": {
        "1": {
            "start": 1.0438148975372314,
            "end": 1.050452470779419
        },
        "2": {
            "start": 1.0564334392547607,
            "end": 1.0678000450134277
        },
        "3": {
            "start": 1.0825598239898682,
            "end": 1.0825598239898682
        },
        "4": {
            "start": 1.5816121101379395,
            "end": 1.59861159324646
        }
    },
    "Receptions Ready": {
        "block sender 1": {
            "1": 1.5502641201019287,
            "2": 1.5573463439941406,
            "3": 1.0438148975372314,
            "4": 2.082251787185669
        },
        "block sender 2": {
            "1": 1.59861159324646,
            "2": 1.602707862854004,
            "3": 1.0564334392547607,
            "4": 2.101341962814331
        },
        "block sender 3": {
            "1": 1.6052820682525635,
            "2": 1.59861159324646,
            "3": 1.0825598239898682,
            "4": 2.114114284515381
        },
        "block sender 4": {
            "1": 2.082251787185669,
            "2": 2.114114284515381,
            "3": 1.5816121101379395,
            "4": null
        }
    },
    "Envoie Elect": {
        "start": 1.602707862854004,
        "end": 1.6052820682525635
    },
    "Receptions Elect": {
        "1": 2.1186020374298096,
        "2": 2.1186020374298096,
        "3": 1.602707862854004,
        "4": null
    },
    "Envoie Leader": {
        "start": 2.1186020374298096,
        "end": 2.127659797668457
    },
    "Receptions Leader": {
        "1": null,
        "2": null,
        "3": 2.1186020374298096,
        "4": null
    },
    "Commit": "Block du node : 4"
}