{
    "Envoie Block": {
        "start": 0.022572040557861328,
        "end": 0.026911258697509766
    },
    "Receptions Block": {
        "1": 0.022572040557861328,
        "2": 0.5480380058288574,
        "3": 0.5513408184051514,
        "4": 1.0825598239898682
    },
    "Envoie Echo": {
        "1": {
            "start": 0.025418519973754883,
            "end": 0.026911258697509766
        },
        "2": {
            "start": 0.5480380058288574,
            "end": 0.5513408184051514
        },
        "3": {
            "start": 0.5513408184051514,
            "end": 0.5592629909515381
        },
        "4": {
            "start": 1.0825598239898682,
            "end": 1.084127426147461
        }
    },
    "Receptions Echo": {
        "block sender 1": {
            "1": 0.025418519973754883,
            "2": 1.0438148975372314,
            "3": 1.0356602668762207,
            "4": 1.5636677742004395
        },
        "block sender 2": {
            "1": 0.5480380058288574,
            "2": 0.5372319221496582,
            "3": 1.0700817108154297,
            "4": 1.5852973461151123
        },
        "block sender 3": {
            "1": 0.5513408184051514,
            "2": 1.078155279159546,
            "3": 0.5513408184051514,
            "4": 1.59861159324646
        },
        "block sender 4": {
            "1": 1.084127426147461,
            "2": 1.5767512321472168,
            "3": 1.5852973461151123,
            "4": 1.084127426147461
        }
    },
    "Envoie Ready": {
        "1": {
            "start": 1.0438148975372314,
            "end": 1.0480806827545166
        },
        "2": {
            "start": 1.0700817108154297,
            "end": 1.078155279159546
        },
        "3": {
            "start": 1.078155279159546,
            "end": 1.0825598239898682
        },
        "4": {
            "start": 1.5767512321472168,
            "end": 1.5837109088897705
        }
    },
    "Receptions Ready": {
        "block sender 1": {
            "1": 1.0438148975372314,
            "2": 1.5550758838653564,
            "3": 1.5573463439941406,
            "4": 2.0806920528411865
        },
        "block sender 2": {
            "1": 1.0700817108154297,
            "2": 1.602707862854004,
            "3": 1.5626461505889893,
            "4": 2.0921404361724854
        },
        "block sender 3": {
            "1": 1.078155279159546,
            "2": 1.59861159324646,
            "3": 1.59861159324646,
            "4": 2.114114284515381
        },
        "block sender 4": {
            "1": 1.5767512321472168,
            "2": 2.1033620834350586,
            "3": 2.094635248184204,
            "4": null
        }
    },
    "Envoie Elect": {
        "start": 1.602707862854004,
        "end": 1.6052820682525635
    },
    "Receptions Elect": {
        "1": 1.602707862854004,
        "2": 2.1186020374298096,
        "3": 2.1186020374298096,
        "4": null
    },
    "Envoie Leader": {
        "start": 2.1186020374298096,
        "end": 2.1186020374298096
    },
    "Receptions Leader": {
        "1": 2.1186020374298096,
        "2": null,
        "3": null,
        "4": null
    },
    "Commit": "Block du node : 4"
}