{
    "Envoie Block": {
        "start": 0.026911258697509766,
        "end": 0.026911258697509766
    },
    "Receptions Block": {
        "1": 0.533207893371582,
        "2": 0.5480380058288574,
        "3": 0.5513408184051514,
        "4": 0.026911258697509766
    },
    "Envoie Echo": {
        "1": {
            "start": 0.533207893371582,
            "end": 0.5372319221496582
        },
        "2": {
            "start": 0.5480380058288574,
            "end": 0.5513408184051514
        },
        "3": {
            "start": 0.5513408184051514,
            "end": 0.5592629909515381
        },
        "4": {
            "start": 0.026911258697509766,
            "end": 0.026911258697509766
        }
    },
    "Receptions Echo": {
        "block sender 1": {
            "1": 0.5480380058288574,
            "2": 1.055415391921997,
            "3": 1.050452470779419,
            "4": 0.533207893371582
        },
        "block sender 2": {
            "1": 1.0620756149291992,
            "2": 0.5592629909515381,
            "3": 1.0753040313720703,
            "4": 0.5480380058288574
        },
        "block sender 3": {
            "1": 1.0753040313720703,
            "2": 1.0825598239898682,
            "3": 0.5592629909515381,
            "4": 0.5513408184051514
        },
        "block sender 4": {
            "1": 1.6052820682525635,
            "2": 1.59861159324646,
            "3": 1.5893056392669678,
            "4": 0.026911258697509766
        }
    },
    "Envoie Ready": {
        "1": {
            "start": 1.0515215396881104,
            "end": 1.052530288696289
        },
        "2": {
            "start": 1.0620756149291992,
            "end": 1.073023796081543
        },
        "3": {
            "start": 1.0753040313720703,
            "end": 1.078155279159546
        },
        "4": {
            "start": 1.59861159324646,
            "end": 1.602707862854004
        }
    },
    "Receptions Ready": {
        "block sender 1": {
            "1": 1.5550758838653564,
            "2": 1.5588552951812744,
            "3": 1.5605823993682861,
            "4": 1.0515215396881104
        },
        "block sender 2": {
            "1": 1.6052820682525635,
            "2": 1.602707862854004,
            "3": 1.5699396133422852,
            "4": 1.0620756149291992
        },
        "block sender 3": {
            "1": 1.59861159324646,
            "2": 1.6052820682525635,
            "3": 1.6052820682525635,
            "4": 1.0753040313720703
        },
        "block sender 4": {
            "1": 2.085214853286743,
            "2": 2.1081063747406006,
            "3": 2.1081063747406006,
            "4": 1.59861159324646
        }
    },
    "Envoie Elect": {
        "start": 1.6052820682525635,
        "end": 1.6052820682525635
    },
    "Receptions Elect": {
        "1": 2.127659797668457,
        "2": 2.114114284515381,
        "3": 2.1186020374298096,
        "4": 1.6052820682525635
    },
    "Envoie Leader": {
        "start": 2.1186020374298096,
        "end": 2.1263413429260254
    },
    "Receptions Leader": {
        "1": null,
        "2": null,
        "3": null,
        "4": 2.1186020374298096
    },
    "Commit": "Block du node : 4"
}