{
    "Envoie Block": {
        "start": 0.026911258697509766,
        "end": 0.026911258697509766
    },
    "Receptions Block": {
        "1": 0.5352258682250977,
        "2": 0.026911258697509766,
        "3": 0.5513408184051514,
        "4": 1.0678000450134277
    },
    "Envoie Echo": {
        "1": {
            "start": 0.5352258682250977,
            "end": 0.5372319221496582
        },
        "2": {
            "start": 0.026911258697509766,
            "end": 0.026911258697509766
        },
        "3": {
            "start": 0.5513408184051514,
            "end": 0.5513408184051514
        },
        "4": {
            "start": 1.0678000450134277,
            "end": 1.078155279159546
        }
    },
    "Receptions Echo": {
        "block sender 1": {
            "1": 0.5480380058288574,
            "2": 0.5352258682250977,
            "3": 1.0460495948791504,
            "4": 1.565176248550415
        },
        "block sender 2": {
            "1": 1.0549039840698242,
            "2": 0.026911258697509766,
            "3": 1.084127426147461,
            "4": 1.59861159324646
        },
        "block sender 3": {
            "1": 1.078155279159546,
            "2": 0.5513408184051514,
            "3": 0.5503356456756592,
            "4": 1.59861159324646
        },
        "block sender 4": {
            "1": 1.59861159324646,
            "2": 1.0678000450134277,
            "3": 1.5893056392669678,
            "4": 1.078155279159546
        }
    },
    "Envoie Ready": {
        "1": {
            "start": 1.0460495948791504,
            "end": 1.0499465465545654
        },
        "2": {
            "start": 1.084127426147461,
            "end": 1.084127426147461
        },
        "3": {
            "start": 1.078155279159546,
            "end": 1.0825598239898682
        },
        "4": {
            "start": 1.5893056392669678,
            "end": 1.59861159324646
        }
    },
    "Receptions Ready": {
        "block sender 1": {
            "1": 1.5550758838653564,
            "2": 1.0460495948791504,
            "3": 1.5588552951812744,
            "4": 2.0806920528411865
        },
        "block sender 2": {
            "1": 1.5800316333770752,
            "2": 1.084127426147461,
            "3": 1.5636677742004395,
            "4": 2.094635248184204
        },
        "block sender 3": {
            "1": 1.602707862854004,
            "2": 1.078155279159546,
            "3": 1.602707862854004,
            "4": 2.1186020374298096
        },
        "block sender 4": {
            "1": 2.082251787185669,
            "2": 1.5893056392669678,
            "3": 2.104386329650879,
            "4": null
        }
    },
    "Envoie Elect": {
        "start": 1.602707862854004,
        "end": 1.6052820682525635
    },
    "Receptions Elect": {
        "1": 2.114114284515381,
        "2": 1.602707862854004,
        "3": 2.1186020374298096,
        "4": null
    },
    "Envoie Leader": {
        "start": 2.1186020374298096,
        "end": 2.127659797668457
    },
    "Receptions Leader": {
        "1": null,
        "2": 2.1186020374298096,
        "3": null,
        "4": null
    },
    "Commit": "Block du node : 4"
}