{
    "Envoie Block": {
        "start": 0.019504785537719727,
        "end": 0.023381948471069336
    },
    "Receptions Block": {
        "1": 0.019504785537719727,
        "2": 0.5473077297210693,
        "3": 0.5552797317504883,
        "4": 1.041778564453125
    },
    "Envoie Echo": {
        "1": {
            "start": 0.022872447967529297,
            "end": 0.023381948471069336
        },
        "2": {
            "start": 0.5473077297210693,
            "end": 0.5529234409332275
        },
        "3": {
            "start": 0.5552797317504883,
            "end": 0.5575172901153564
        },
        "4": {
            "start": 1.041778564453125,
            "end": 1.049666404724121
        }
    },
    "Receptions Echo": {
        "block sender 1": {
            "1": 0.022872447967529297,
            "2": 1.0511932373046875,
            "3": 1.0511932373046875,
            "4": 1.569650650024414
        },
        "block sender 2": {
            "1": 0.5473077297210693,
            "2": 0.5415189266204834,
            "3": 1.0687594413757324,
            "4": 1.580122947692871
        },
        "block sender 3": {
            "1": 0.5552797317504883,
            "2": 1.0730738639831543,
            "3": 0.5447463989257812,
            "4": 1.5857465267181396
        },
        "block sender 4": {
            "1": 1.041778564453125,
            "2": 1.5663061141967773,
            "3": 1.5505990982055664,
            "4": 1.040769100189209
        }
    },
    "Envoie Ready": {
        "1": {
            "start": 1.0511932373046875,
            "end": 1.0647058486938477
        },
        "2": {
            "start": 1.0687594413757324,
            "end": 1.0730738639831543
        },
        "3": {
            "start": 1.0730738639831543,
            "end": 1.0761594772338867
        },
        "4": {
            "start": 1.5505990982055664,
            "end": 1.5626647472381592
        }
    },
    "Receptions Ready": {
        "block sender 1": {
            "1": 1.0511932373046875,
            "2": 1.5706698894500732,
            "3": 1.5819191932678223,
            "4": 2.065337896347046
        },
        "block sender 2": {
            "1": 1.0687594413757324,
            "2": 1.5857465267181396,
            "3": 1.5857465267181396,
            "4": 2.0815112590789795
        },
        "block sender 3": {
            "1": 1.0730738639831543,
            "2": 1.5857465267181396,
            "3": 1.5857465267181396,
            "4": 2.0867421627044678
        },
        "block sender 4": {
            "1": 1.5505990982055664,
            "2": 2.05428147315979,
            "3": 2.0564048290252686,
            "4": null
        }
    },
    "Envoie Elect": {
        "start": 1.5857465267181396,
        "end": 1.5857465267181396
    },
    "Receptions Elect": {
        "1": 1.5857465267181396,
        "2": 2.1005260944366455,
        "3": 2.1005260944366455,
        "4": null
    },
    "Envoie Leader": {
        "start": 2.1005260944366455,
        "end": 2.1101369857788086
    },
    "Receptions Leader": {
        "1": 2.1005260944366455,
        "2": null,
        "3": null,
        "4": null
    },
    "Commit": "Block du node : 4"
}