{
    "Envoie Block": {
        "start": 0.023381948471069336,
        "end": 0.023381948471069336
    },
    "Receptions Block": {
        "1": 0.5284390449523926,
        "2": 0.5529234409332275,
        "3": 0.5575172901153564,
        "4": 0.023381948471069336
    },
    "Envoie Echo": {
        "1": {
            "start": 0.5284390449523926,
            "end": 0.5494942665100098
        },
        "2": {
            "start": 0.5529234409332275,
            "end": 0.5575172901153564
        },
        "3": {
            "start": 0.5575172901153564,
            "end": 0.5575172901153564
        },
        "4": {
            "start": 0.023381948471069336,
            "end": 0.023381948471069336
        }
    },
    "Receptions Echo": {
        "block sender 1": {
            "1": 0.5514078140258789,
            "2": 1.0619573593139648,
            "3": 1.0468428134918213,
            "4": 0.5284390449523926
        },
        "block sender 2": {
            "1": 1.0647058486938477,
            "2": 0.5575172901153564,
            "3": 1.0730738639831543,
            "4": 0.5529234409332275
        },
        "block sender 3": {
            "1": 1.0730738639831543,
            "2": 1.0761594772338867,
            "3": 0.5575172901153564,
            "4": 0.5575172901153564
        },
        "block sender 4": {
            "1": 1.5819191932678223,
            "2": 1.5636992454528809,
            "3": 1.5505990982055664,
            "4": 0.023381948471069336
        }
    },
    "Envoie Ready": {
        "1": {
            "start": 1.0468428134918213,
            "end": 1.0547895431518555
        },
        "2": {
            "start": 1.0647058486938477,
            "end": 1.0730738639831543
        },
        "3": {
            "start": 1.0730738639831543,
            "end": 1.0730738639831543
        },
        "4": {
            "start": 1.5636992454528809,
            "end": 1.5819191932678223
        }
    },
    "Receptions Ready": {
        "block sender 1": {
            "1": 1.5819191932678223,
            "2": 1.5819191932678223,
            "3": 1.5857465267181396,
            "4": 1.0468428134918213
        },
        "block sender 2": {
            "1": 1.5857465267181396,
            "2": 1.5857465267181396,
            "3": 1.5857465267181396,
            "4": 1.0647058486938477
        },
        "block sender 3": {
            "1": 1.5857465267181396,
            "2": 1.5857465267181396,
            "3": 1.5857465267181396,
            "4": 1.0730738639831543
        },
        "block sender 4": {
            "1": 2.067526340484619,
            "2": 2.0615808963775635,
            "3": 2.065337896347046,
            "4": 1.5636992454528809
        }
    },
    "Envoie Elect": {
        "start": 1.5857465267181396,
        "end": 1.5857465267181396
    },
    "Receptions Elect": {
        "1": 2.111241579055786,
        "2": 2.1005260944366455,
        "3": 2.1005260944366455,
        "4": 1.5857465267181396
    },
    "Envoie Leader": {
        "start": 2.1005260944366455,
        "end": 2.1101369857788086
    },
    "Receptions Leader": {
        "1": null,
        "2": null,
        "3": null,
        "4": 2.1005260944366455
    },
    "Commit": "Block du node : 4"
}