{
    "Envoie Block": {
        "start": 0.023381948471069336,
        "end": 0.023381948471069336
    },
    "Receptions Block": {
        "1": 0.5345957279205322,
        "2": 0.5473077297210693,
        "3": 0.023381948471069336,
        "4": 1.0375230312347412
    },
    "Envoie Echo": {
        "1": {
            "start": 0.5345957279205322,
            "end": 0.5415189266204834
        },
        "2": {
            "start": 0.5473077297210693,
            "end": 0.5552797317504883
        },
        "3": {
            "start": 0.023381948471069336,
            "end": 0.023381948471069336
        },
        "4": {
            "start": 1.0375230312347412,
            "end": 1.044642448425293
        }
    },
    "Receptions Echo": {
        "block sender 1": {
            "1": 0.5447463989257812,
            "2": 1.0553100109100342,
            "3": 0.5345957279205322,
            "4": 1.5712394714355469
        },
        "block sender 2": {
            "1": 1.0698730945587158,
            "2": 0.5552797317504883,
            "3": 0.5473077297210693,
            "4": 1.5857465267181396
        },
        "block sender 3": {
            "1": 1.0730738639831543,
            "2": 1.0730738639831543,
            "3": 0.023381948471069336,
            "4": 1.5857465267181396
        },
        "block sender 4": {
            "1": 1.5597774982452393,
            "2": 1.5505990982055664,
            "3": 1.0375230312347412,
            "4": 1.044642448425293
        }
    },
    "Envoie Ready": {
        "1": {
            "start": 1.0553100109100342,
            "end": 1.0698730945587158
        },
        "2": {
            "start": 1.0698730945587158,
            "end": 1.0730738639831543
        },
        "3": {
            "start": 1.0730738639831543,
            "end": 1.0761594772338867
        },
        "4": {
            "start": 1.5505990982055664,
            "end": 1.5587680339813232
        }
    },
    "Receptions Ready": {
        "block sender 1": {
            "1": 1.5819191932678223,
            "2": 1.5642552375793457,
            "3": 1.0553100109100342,
            "4": 2.067526340484619
        },
        "block sender 2": {
            "1": 1.5857465267181396,
            "2": 1.5857465267181396,
            "3": 1.0698730945587158,
            "4": 2.083059787750244
        },
        "block sender 3": {
            "1": 1.5857465267181396,
            "2": 1.5857465267181396,
            "3": 1.0730738639831543,
            "4": 2.0867421627044678
        },
        "block sender 4": {
            "1": 2.065337896347046,
            "2": 2.0564048290252686,
            "3": 1.5505990982055664,
            "4": null
        }
    },
    "Envoie Elect": {
        "start": 1.5857465267181396,
        "end": 1.5857465267181396
    },
    "Receptions Elect": {
        "1": 2.1005260944366455,
        "2": 2.1005260944366455,
        "3": 1.5857465267181396,
        "4": null
    },
    "Envoie Leader": {
        "start": 2.1005260944366455,
        "end": 2.1101369857788086
    },
    "Receptions Leader": {
        "1": null,
        "2": null,
        "3": 2.1005260944366455,
        "4": null
    },
    "Commit": "Block du node : 4"
}