{
    "Envoie Block": {
        "start": 0.023381948471069336,
        "end": 0.023381948471069336
    },
    "Receptions Block": {
        "1": 0.5345957279205322,
        "2": 0.023381948471069336,
        "3": 0.5552797317504883,
        "4": 1.0375230312347412
    },
    "Envoie Echo": {
        "1": {
            "start": 0.5345957279205322,
            "end": 0.5529234409332275
        },
        "2": {
            "start": 0.023381948471069336,
            "end": 0.023381948471069336
        },
        "3": {
            "start": 0.5552797317504883,
            "end": 0.5575172901153564
        },
        "4": {
            "start": 1.0375230312347412,
            "end": 1.0468428134918213
        }
    },
    "Receptions Echo": {
        "block sender 1": {
            "1": 0.5552797317504883,
            "2": 0.5345957279205322,
            "3": 1.049666404724121,
            "4": 1.5819191932678223
        },
        "block sender 2": {
            "1": 1.0577845573425293,
            "2": 0.023381948471069336,
            "3": 1.0647058486938477,
            "4": 1.5767645835876465
        },
        "block sender 3": {
            "1": 1.0730738639831543,
            "2": 0.5552797317504883,
            "3": 0.5575172901153564,
            "4": 1.5857465267181396
        },
        "block sender 4": {
            "1": 1.5663061141967773,
            "2": 1.0375230312347412,
            "3": 1.5478217601776123,
            "4": 1.0486547946929932
        }
    },
    "Envoie Ready": {
        "1": {
            "start": 1.049666404724121,
            "end": 1.0577845573425293
        },
        "2": {
            "start": 1.0647058486938477,
            "end": 1.0730738639831543
        },
        "3": {
            "start": 1.0730738639831543,
            "end": 1.0730738639831543
        },
        "4": {
            "start": 1.5478217601776123,
            "end": 1.5572550296783447
        }
    },
    "Receptions Ready": {
        "block sender 1": {
            "1": 1.5706698894500732,
            "2": 1.049666404724121,
            "3": 1.5857465267181396,
            "4": 2.067526340484619
        },
        "block sender 2": {
            "1": 1.5857465267181396,
            "2": 1.0647058486938477,
            "3": 1.5857465267181396,
            "4": 2.083059787750244
        },
        "block sender 3": {
            "1": 1.5857465267181396,
            "2": 1.0730738639831543,
            "3": 1.5857465267181396,
            "4": 2.0867421627044678
        },
        "block sender 4": {
            "1": 2.0595204830169678,
            "2": 1.5478217601776123,
            "3": 2.063425064086914,
            "4": null
        }
    },
    "Envoie Elect": {
        "start": 1.5857465267181396,
        "end": 1.5857465267181396
    },
    "Receptions Elect": {
        "1": 2.1005260944366455,
        "2": 1.5857465267181396,
        "3": 2.1005260944366455,
        "4": null
    },
    "Envoie Leader": {
        "start": 2.1005260944366455,
        "end": 2.1101369857788086
    },
    "Receptions Leader": {
        "1": null,
        "2": 2.1005260944366455,
        "3": null,
        "4": null
    },
    "Commit": "Block du node : 4"
}